Application Number,Product Code,Product Name
018842,NFP-100234,Nortifin
021356,NFP-100571,Calvexol
019904,NFP-100812,Prendarel
022187,NFP-101045,Suvantrix
017563,NFP-101298,Merodyne
020431,NFP-101530,Halovarin
018976,NFP-101764,Trelaxamide
021789,NFP-101998,Quinovex
019245,NFP-102231,Baricomin
022560,NFP-102465,Fenrivastat
017890,NFP-102699,Doraxelin
020103,NFP-102932,Lumetraz
021045,NFP-103166,Actiferol
018345,NFP-103399,Sorenavir
022901,NFP-103633,Nezotropin
019678,NFP-103866,Winterlomab
020876,NFP-104100,Cravadine
017234,NFP-104334,Optivastel
021567,NFP-104567,Miravantin
022309,NFP-104801,Zentabrel
